name,slice,fxmax,fymax,aR,aA,aI,aJ,bR,bA,bI,bJ,size,bpe,lpe,ef
512_DFOV_500.nii.gz,1350,0.512,0.512,70.6,205.4,183,227,65.6,205.5,188,227,10,7.79411e+06,2.92469e+08,0.0259576
