name,slice,fxmax,fymax,aR,aA,aI,aJ,bR,bA,bI,bJ,size,bpe,lpe,ef
1024_DFOV_350_IR3.nii.gz,1350,1.46286,1.46286,70.6,205.4,305,430,65.6,205.5,320,430,30,8.18876e+07,2.2336e+10,0.00365277
