name,slice,fxmax,fymax,aR,aA,aI,aJ,bR,bA,bI,bJ,size,bpe,lpe,ef
1024_DFOV_300_IR3.nii.gz,1065,1.70667,1.70667,57.2,189.3,316,471,54.9,191,324,465,20,1.32274e+09,5.77476e+09,0.186367
