name,slice,fxmax,fymax,aR,aA,aI,aJ,bR,bA,bI,bJ,size,bpe,lpe,ef
1024_DFOV_400.nii.gz,1350,1.28,1.28,70.6,205.4,331,440,65.6,205.5,344,440,27,4.93836e+07,1.53168e+10,0.00321379
