name,slice,fxmax,fymax,aR,aA,aI,aJ,bR,bA,bI,bJ,size,bpe,lpe,ef
1024_DFOV_400.nii.gz,1065,1.28,1.28,57.2,189.3,365,481,54.9,191,371,477,15,4.45529e+06,2.95612e+09,0.00150487
