name,slice,fxmax,fymax,aR,aA,aI,aJ,bR,bA,bI,bJ,size,bpe,lpe,ef
1024_DFOV_350_IR3.nii.gz,1039,1.46286,1.46286,64.2,185.8,324,487,59.6,188.5,337,479,30,5.10706e+07,3.83115e+10,0.00133126
