name,slice,fxmax,fymax,aR,aA,aI,aJ,bR,bA,bI,bJ,size,bpe,lpe,ef
1024_DFOV_250.nii.gz,1019,2.048,2.048,81.3,183.9,178,485,72.4,177.5,215,512,90,6.70528e+09,5.4378e+12,0.00123157
