name,slice,fxmax,fymax,aR,aA,aI,aJ,bR,bA,bI,bJ,size,bpe,lpe,ef
512_DFOV_350.nii.gz,1350,0.731429,0.731429,70.6,205.4,152,215,65.6,205.5,160,215,16,1.87395e+07,1.89146e+09,0.00981023
