name,slice,fxmax,fymax,aR,aA,aI,aJ,bR,bA,bI,bJ,size,bpe,lpe,ef
1024_DFOV_350_IR3.nii.gz,1350,1.46286,1.46286,70.6,205.4,305,430,65.6,205.5,320,430,30,2.12699e+08,2.16106e+10,0.00974643
