name,slice,fxmax,fymax,aR,aA,aI,aJ,bR,bA,bI,bJ,size,bpe,lpe,ef
512_DFOV_300.nii.gz,1039,0.853333,0.853333,64.2,185.8,146,241,59.6,188.5,154,237,16,6.36617e+06,3.21872e+09,0.00197395
