name,slice,fxmax,fymax,aR,aA,aI,aJ,bR,bA,bI,bJ,size,bpe,lpe,ef
1024_DFOV_300_IR3.nii.gz,1019,1.70667,1.70667,81.3,183.9,234,490,72.4,177.5,264,512,75,5.23569e+08,2.67252e+12,0.00019587
