name,slice,fxmax,fymax,aR,aA,aI,aJ,bR,bA,bI,bJ,size,bpe,lpe,ef
1024_DFOV_350.nii.gz,1350,1.46286,1.46286,70.6,205.4,305,430,65.6,205.5,320,430,30,3.09736e+09,1.49284e+10,0.171829
