name,slice,fxmax,fymax,aR,aA,aI,aJ,bR,bA,bI,bJ,size,bpe,lpe,ef
1024_DFOV_400.nii.gz,953,1.28,1.28,63.4,185.3,349,492,59.8,186.2,358,489,18,1.00157e+07,8.45782e+09,0.00118279
