name,slice,fxmax,fymax,aR,aA,aI,aJ,bR,bA,bI,bJ,size,bpe,lpe,ef
1024_DFOV_200.nii.gz,1065,2.56,2.56,57.2,189.3,219,451,54.9,191,230,442,27,2.01731e+08,3.22541e+10,0.00621556
