name,slice,fxmax,fymax,aR,aA,aI,aJ,bR,bA,bI,bJ,size,bpe,lpe,ef
1024_DFOV_250_IR3.nii.gz,1350,2.048,2.048,70.6,205.4,222,397,65.6,205.5,243,397,40,2.07457e+09,5.94914e+10,0.0336967
