name,slice,fxmax,fymax,aR,aA,aI,aJ,bR,bA,bI,bJ,size,bpe,lpe,ef
512_DFOV_450.nii.gz,1065,0.568889,0.568889,57.2,189.3,190,242,54.9,191,193,240,6,2.46812e+07,1.49656e+07,0.622526
