name,slice,fxmax,fymax,aR,aA,aI,aJ,bR,bA,bI,bJ,size,bpe,lpe,ef
1024_DFOV_250_IR3.nii.gz,1039,2.048,2.048,64.2,185.8,249,478,59.6,188.5,267,466,40,1.55086e+09,1.1901e+11,0.0128637
