name,slice,fxmax,fymax,aR,aA,aI,aJ,bR,bA,bI,bJ,size,bpe,lpe,ef
1024_DFOV_500.nii.gz,1019,1.024,1.024,81.3,183.9,345,498,72.4,177.5,363,512,45,7.23245e+09,3.28504e+11,0.0215421
