name,slice,fxmax,fymax,aR,aA,aI,aJ,bR,bA,bI,bJ,size,bpe,lpe,ef
512_DFOV_300.nii.gz,953,0.853333,0.853333,63.4,185.3,147,242,59.8,186.2,153,241,12,2.09679e+08,1.08211e+09,0.162316
