name,slice,fxmax,fymax,aR,aA,aI,aJ,bR,bA,bI,bJ,size,bpe,lpe,ef
1024_DFOV_300.nii.gz,1019,1.70667,1.70667,81.3,183.9,234,490,72.4,177.5,264,512,75,9.59395e+10,2.49157e+12,0.0370779
