name,slice,fxmax,fymax,aR,aA,aI,aJ,bR,bA,bI,bJ,size,bpe,lpe,ef
512_DFOV_500.nii.gz,1039,0.512,0.512,64.2,185.8,190,247,59.6,188.5,194,244,10,9.97134e+07,2.21266e+08,0.310654
